{
  "hash": "acb7b3e3",
  "configHash": "292f6179",
  "lockfileHash": "acd09c73",
  "browserHash": "1e962342",
  "optimized": {
    "@angular/common": {
      "src": "../../../../../../node_modules/@angular/common/fesm2022/common.mjs",
      "file": "@angular_common.js",
      "fileHash": "ffdfa139",
      "needsInterop": false
    },
    "@angular/common/http": {
      "src": "../../../../../../node_modules/@angular/common/fesm2022/http.mjs",
      "file": "@angular_common_http.js",
      "fileHash": "e8b135d1",
      "needsInterop": false
    },
    "@angular/core": {
      "src": "../../../../../../node_modules/@angular/core/fesm2022/core.mjs",
      "file": "@angular_core.js",
      "fileHash": "471044e7",
      "needsInterop": false
    },
    "@angular/forms": {
      "src": "../../../../../../node_modules/@angular/forms/fesm2022/forms.mjs",
      "file": "@angular_forms.js",
      "fileHash": "cf7563e1",
      "needsInterop": false
    },
    "@angular/material/paginator": {
      "src": "../../../../../../node_modules/@angular/material/fesm2022/paginator.mjs",
      "file": "@angular_material_paginator.js",
      "fileHash": "3641d603",
      "needsInterop": false
    },
    "@angular/platform-browser": {
      "src": "../../../../../../node_modules/@angular/platform-browser/fesm2022/platform-browser.mjs",
      "file": "@angular_platform-browser.js",
      "fileHash": "c7152d87",
      "needsInterop": false
    },
    "@angular/router": {
      "src": "../../../../../../node_modules/@angular/router/fesm2022/router.mjs",
      "file": "@angular_router.js",
      "fileHash": "8a4f5807",
      "needsInterop": false
    },
    "@ngrx/effects": {
      "src": "../../../../../../node_modules/@ngrx/effects/fesm2022/ngrx-effects.mjs",
      "file": "@ngrx_effects.js",
      "fileHash": "6c1f4f1f",
      "needsInterop": false
    },
    "@ngrx/store": {
      "src": "../../../../../../node_modules/@ngrx/store/fesm2022/ngrx-store.mjs",
      "file": "@ngrx_store.js",
      "fileHash": "8745caa2",
      "needsInterop": false
    },
    "jwt-decode": {
      "src": "../../../../../../node_modules/jwt-decode/build/esm/index.js",
      "file": "jwt-decode.js",
      "fileHash": "83d6045c",
      "needsInterop": false
    },
    "rxjs": {
      "src": "../../../../../../node_modules/rxjs/dist/esm5/index.js",
      "file": "rxjs.js",
      "fileHash": "e5ec157a",
      "needsInterop": false
    },
    "zod": {
      "src": "../../../../../../node_modules/zod/index.js",
      "file": "zod.js",
      "fileHash": "226dc90f",
      "needsInterop": false
    }
  },
  "chunks": {
    "chunk-ZHGQTB4N": {
      "file": "chunk-ZHGQTB4N.js"
    },
    "chunk-Y3KRJRWG": {
      "file": "chunk-Y3KRJRWG.js"
    },
    "chunk-F6F3UH4K": {
      "file": "chunk-F6F3UH4K.js"
    },
    "chunk-WTDF3MAO": {
      "file": "chunk-WTDF3MAO.js"
    },
    "chunk-H75WD4ZZ": {
      "file": "chunk-H75WD4ZZ.js"
    },
    "chunk-5BZHOTCX": {
      "file": "chunk-5BZHOTCX.js"
    },
    "chunk-OSGD35PA": {
      "file": "chunk-OSGD35PA.js"
    },
    "chunk-P6U2JBMQ": {
      "file": "chunk-P6U2JBMQ.js"
    },
    "chunk-XWLXMCJQ": {
      "file": "chunk-XWLXMCJQ.js"
    }
  }
}